{"cameraMode":{"drawMode":0,"name":"Shaded","section":"Shading Mode"},"sceneLighting":false,"audioPlay":false,"sceneViewState":{"m_AlwaysRefresh":false,"showFog":true,"showSkybox":false,"showFlares":true,"showImageEffects":true,"showParticleSystems":true,"showVisualEffectGraphs":true,"m_FxEnabled":true},"in2DMode":false,"pivot":{"x":-2.449910879135132,"y":0.7681812644004822,"z":2.703238010406494},"rotation":{"x":0.040375325828790668,"y":-0.07486849278211594,"z":0.0030322514940053226,"w":0.9963786005973816},"size":1.5427607297897339,"orthographic":false}