{"cameraMode":{"drawMode":0,"name":"Shaded","section":"Shading Mode"},"sceneLighting":false,"audioPlay":false,"sceneViewState":{"m_AlwaysRefresh":false,"showFog":false,"showSkybox":false,"showFlares":false,"showImageEffects":false,"showParticleSystems":false,"showVisualEffectGraphs":true,"m_FxEnabled":true},"in2DMode":false,"pivot":{"x":-0.025452405214309694,"y":0.7600106000900269,"z":0.1569547951221466},"rotation":{"x":-0.11611184477806092,"y":0.8370798826217651,"z":-0.4976808428764343,"w":-0.1952936053276062},"size":0.9669980406761169,"orthographic":false}