{"cameraMode":{"drawMode":0,"name":"Shaded","section":"Shading Mode"},"sceneLighting":false,"audioPlay":false,"sceneViewState":{"m_AlwaysRefresh":false,"showFog":false,"showSkybox":false,"showFlares":false,"showImageEffects":false,"showParticleSystems":false,"showVisualEffectGraphs":true,"m_FxEnabled":true},"in2DMode":false,"pivot":{"x":-0.010478600859642029,"y":0.8283489346504211,"z":-0.04547470808029175},"rotation":{"x":-0.01602105423808098,"y":0.9839159250259399,"z":-0.13153581321239472,"w":-0.11984211951494217},"size":0.9150694608688355,"orthographic":false}