{"cameraMode":{"drawMode":0,"name":"Shaded","section":"Shading Mode"},"sceneLighting":false,"audioPlay":false,"sceneViewState":{"m_AlwaysRefresh":false,"showFog":true,"showSkybox":false,"showFlares":true,"showImageEffects":true,"showParticleSystems":true,"showVisualEffectGraphs":true,"m_FxEnabled":true},"in2DMode":false,"pivot":{"x":0.0019816160202026369,"y":1.2185661792755128,"z":11.905029296875},"rotation":{"x":0.21655221283435822,"y":0.2345503717660904,"z":-0.05368385463953018,"w":0.9461567997932434},"size":1.4029710292816163,"orthographic":false}