{"cameraMode":{"drawMode":0,"name":"Shaded","section":"Shading Mode"},"sceneLighting":false,"audioPlay":false,"sceneViewState":{"m_AlwaysRefresh":false,"showFog":false,"showSkybox":false,"showFlares":false,"showImageEffects":false,"showParticleSystems":false,"showVisualEffectGraphs":true,"m_FxEnabled":true},"in2DMode":false,"pivot":{"x":-0.000026226043701171875,"y":0.8588188290596008,"z":-0.03688986599445343},"rotation":{"x":0.024691807106137277,"y":0.9432162046432495,"z":-0.3234008848667145,"w":0.0719812735915184},"size":1.4196655750274659,"orthographic":false}