{"cameraMode":{"drawMode":0,"name":"Shaded","section":"Shading Mode"},"sceneLighting":false,"audioPlay":false,"sceneViewState":{"m_AlwaysRefresh":false,"showFog":false,"showSkybox":false,"showFlares":false,"showImageEffects":false,"showParticleSystems":false,"showVisualEffectGraphs":true,"m_FxEnabled":true},"in2DMode":false,"pivot":{"x":-0.08175906538963318,"y":0.6814268827438355,"z":-0.10350757837295532},"rotation":{"x":-0.08981067687273026,"y":0.9096896648406982,"z":-0.27037131786346438,"w":-0.3021721839904785},"size":1.0487769842147828,"orthographic":false}