{"cameraMode":{"drawMode":0,"name":"Shaded","section":"Shading Mode"},"sceneLighting":false,"audioPlay":false,"sceneViewState":{"m_AlwaysRefresh":false,"showFog":true,"showSkybox":false,"showFlares":true,"showImageEffects":true,"showParticleSystems":true,"showVisualEffectGraphs":true,"m_FxEnabled":true},"in2DMode":false,"pivot":{"x":-1.4901161193847657e-8,"y":2.109999895095825,"z":19.899999618530275},"rotation":{"x":0.027097977697849275,"y":0.8904615044593811,"z":-0.05349193885922432,"w":0.45109066367149355},"size":2.1916139125823976,"orthographic":false}